Frame;CaptureTime;LogTime;HMDPosition;HMDRotation;GazeStatus;CombinedGazeForward;CombinedGazePosition;LeftEyeStatus;LeftEyeForward;LeftEyePosition;LeftEyePupilSize;RightEyeStatus;RightEyeForward;RightEyePosition;RightEyePupilSize;FocusDistance;FocusStability;XRRigPosition;CameraPosition;GazeHitObject;GazeHitPosition
1051381;1000006162167667822;63789510869397;(-3.298, 0.936, 3.425);(-0.009, -0.663, 0.009, 0.748);INVALID;;;INVALID;;;;INVALID;;;;;;;;;
1051400;1000006162262706369;63789510869398;(-3.298, 0.936, 3.425);(-0.009, -0.663, 0.009, 0.748);INVALID;;;INVALID;;;;INVALID;;;;;;;;;
1051422;1000006162372747440;63789510869398;(-3.298, 0.936, 3.425);(-0.009, -0.663, 0.009, 0.748);INVALID;;;INVALID;;;;INVALID;;;;;;;;;
1051441;1000006162467780783;63789510869398;(-3.298, 0.936, 3.425);(-0.009, -0.663, 0.009, 0.748);INVALID;;;INVALID;;;;INVALID;;;;;;;;;
1051460;1000006162562819840;63789510869398;(-3.298, 0.936, 3.425);(-0.009, -0.663, 0.009, 0.748);INVALID;;;INVALID;;;;INVALID;;;;;;;;;
1051481;1000006162667860140;63789510869443;(-3.298, 0.936, 3.425);(-0.009, -0.663, 0.009, 0.748);INVALID;;;INVALID;;;;INVALID;;;;;;;;;
1051500;1000006162762894297;63789510869537;(-3.298, 0.936, 3.424);(-0.009, -0.663, 0.009, 0.749);INVALID;;;INVALID;;;;INVALID;;;;;;;;;
1051522;1000006162872940862;63789510869648;(-3.297, 0.936, 3.424);(-0.009, -0.663, 0.009, 0.749);INVALID;;;INVALID;;;;INVALID;;;;;;;;;
1051541;1000006162967978074;63789510869736;(-3.297, 0.936, 3.425);(-0.009, -0.663, 0.009, 0.748);INVALID;;;INVALID;;;;INVALID;;;;;;;;;
1051559;1000006163058011268;63789510869825;(-3.297, 0.936, 3.424);(-0.009, -0.663, 0.009, 0.749);INVALID;;;INVALID;;;;INVALID;;;;;;;;;
1051581;1000006163168048479;63789510869935;(-3.298, 0.936, 3.425);(-0.009, -0.663, 0.009, 0.749);INVALID;;;INVALID;;;;INVALID;;;;;;;;;
1051600;1000006163263086451;63789510870037;(-3.296, 0.936, 3.425);(-0.009, -0.663, 0.009, 0.749);INVALID;;;INVALID;;;;INVALID;;;;;;;;;
1051622;1000006163373127323;63789510870148;(-3.297, 0.936, 3.425);(-0.009, -0.663, 0.009, 0.749);INVALID;;;INVALID;;;;INVALID;;;;;;;;;
1051641;1000006163468160391;63789510870237;(-3.297, 0.936, 3.424);(-0.009, -0.663, 0.009, 0.749);INVALID;;;INVALID;;;;INVALID;;;;;;;;;
1051659;1000006163558197268;63789510870325;(-3.297, 0.936, 3.423);(-0.009, -0.663, 0.009, 0.749);INVALID;;;INVALID;;;;INVALID;;;;;;;;;
1051681;1000006163668239215;63789510870436;(-3.297, 0.936, 3.423);(-0.009, -0.663, 0.009, 0.749);INVALID;;;INVALID;;;;INVALID;;;;;;;;;
1051700;1000006163763272910;63789510870536;(-3.297, 0.936, 3.424);(-0.009, -0.663, 0.009, 0.749);INVALID;;;INVALID;;;;INVALID;;;;;;;;;
1051722;1000006163873318576;63789510870648;(-3.297, 0.936, 3.425);(-0.009, -0.663, 0.009, 0.749);INVALID;;;INVALID;;;;INVALID;;;;;;;;;
1051741;1000006163968355278;63789510870736;(-3.297, 0.936, 3.424);(-0.008, -0.663, 0.009, 0.749);INVALID;;;INVALID;;;;INVALID;;;;;;;;;
1051759;1000006164058387897;63789510870825;(-3.297, 0.936, 3.424);(-0.008, -0.663, 0.009, 0.749);INVALID;;;INVALID;;;;INVALID;;;;;;;;;
1051781;1000006164168424743;63789510870936;(-3.297, 0.936, 3.424);(-0.009, -0.663, 0.009, 0.749);INVALID;;;INVALID;;;;INVALID;;;;;;;;;
1051800;1000006164263462477;63789510871037;(-3.297, 0.936, 3.424);(-0.009, -0.663, 0.009, 0.749);INVALID;;;INVALID;;;;INVALID;;;;;;;;;
1051822;1000006164373503233;63789510871148;(-3.297, 0.935, 3.426);(-0.009, -0.663, 0.009, 0.749);INVALID;;;INVALID;;;;INVALID;;;;;;;;;
1051841;1000006164468537290;63789510871236;(-3.297, 0.935, 3.427);(-0.009, -0.663, 0.009, 0.749);INVALID;;;INVALID;;;;INVALID;;;;;;;;;
1051859;1000006164558574069;63789510871324;(-3.297, 0.935, 3.426);(-0.009, -0.663, 0.009, 0.749);INVALID;;;INVALID;;;;INVALID;;;;;;;;;
1051881;1000006164668617350;63789510871436;(-3.297, 0.936, 3.425);(-0.009, -0.663, 0.009, 0.749);INVALID;;;INVALID;;;;INVALID;;;;;;;;;
1051900;1000006164763650933;63789510871536;(-3.297, 0.935, 3.425);(-0.008, -0.663, 0.009, 0.749);INVALID;;;INVALID;;;;INVALID;;;;;;;;;
1051922;1000006164873696096;63789510871648;(-3.297, 0.935, 3.426);(-0.008, -0.663, 0.009, 0.749);INVALID;;;INVALID;;;;INVALID;;;;;;;;;
1051941;1000006164968733035;63789510871736;(-3.298, 0.935, 3.425);(-0.009, -0.663, 0.008, 0.749);INVALID;;;INVALID;;;;INVALID;;;;;;;;;
1051959;1000006165058765424;63789510871826;(-3.297, 0.935, 3.426);(-0.009, -0.663, 0.008, 0.749);INVALID;;;INVALID;;;;INVALID;;;;;;;;;
1051981;1000006165168802097;63789510871936;(-3.297, 0.935, 3.426);(-0.009, -0.663, 0.008, 0.749);INVALID;;;INVALID;;;;INVALID;;;;;;;;;
1052000;1000006165263839602;63789510872037;(-3.298, 0.936, 3.425);(-0.009, -0.663, 0.008, 0.749);INVALID;;;INVALID;;;;INVALID;;;;;;;;;
1052022;1000006165373880017;63789510872147;(-3.298, 0.936, 3.424);(-0.009, -0.663, 0.008, 0.749);INVALID;;;INVALID;;;;INVALID;;;;;;;;;
1052041;1000006165468916265;63789510872237;(-3.297, 0.936, 3.424);(-0.009, -0.663, 0.008, 0.749);INVALID;;;INVALID;;;;INVALID;;;;;;;;;
1052059;1000006165558952647;63789510872325;(-3.297, 0.936, 3.423);(-0.009, -0.663, 0.008, 0.749);INVALID;;;INVALID;;;;INVALID;;;;;;;;;
1052081;1000006165668993915;63789510872438;(-3.298, 0.937, 3.422);(-0.009, -0.663, 0.008, 0.749);INVALID;;;INVALID;;;;INVALID;;;;;;;;;
1052100;1000006165764027119;63789510872536;(-3.298, 0.937, 3.420);(-0.009, -0.663, 0.009, 0.749);INVALID;;;INVALID;;;;INVALID;;;;;;;;;
1052122;1000006165874072184;63789510872647;(-3.297, 0.937, 3.420);(-0.009, -0.662, 0.008, 0.749);INVALID;;;INVALID;;;;INVALID;;;;;;;;;
1052140;1000006165964106916;63789510872737;(-3.297, 0.937, 3.420);(-0.009, -0.662, 0.008, 0.749);INVALID;;;INVALID;;;;INVALID;;;;;;;;;
1052159;1000006166059141464;63789510872825;(-3.298, 0.937, 3.419);(-0.009, -0.662, 0.008, 0.749);INVALID;;;INVALID;;;;INVALID;;;;;;;;;
1052181;1000006166169187553;63789510872936;(-3.297, 0.937, 3.420);(-0.009, -0.662, 0.008, 0.749);INVALID;;;INVALID;;;;INVALID;;;;;;;;;
1052200;1000006166264224578;63789510873037;(-3.298, 0.937, 3.419);(-0.009, -0.662, 0.008, 0.749);INVALID;;;INVALID;;;;INVALID;;;;;;;;;
1052222;1000006166374264229;63789510873148;(-3.297, 0.937, 3.420);(-0.009, -0.662, 0.008, 0.749);INVALID;;;INVALID;;;;INVALID;;;;;;;;;
1052241;1000006166469296246;63789510873236;(-3.298, 0.937, 3.419);(-0.009, -0.662, 0.008, 0.749);INVALID;;;INVALID;;;;INVALID;;;;;;;;;
1052259;1000006166559332587;63789510873325;(-3.298, 0.938, 3.419);(-0.009, -0.662, 0.008, 0.749);INVALID;;;INVALID;;;;INVALID;;;;;;;;;
1052281;1000006166669373391;63789510873437;(-3.297, 0.937, 3.419);(-0.009, -0.663, 0.008, 0.749);INVALID;;;INVALID;;;;INVALID;;;;;;;;;
1052300;1000006166764406257;63789510873536;(-3.297, 0.937, 3.420);(-0.009, -0.663, 0.008, 0.749);INVALID;;;INVALID;;;;INVALID;;;;;;;;;
1052322;1000006166874451136;63789510873648;(-3.298, 0.937, 3.419);(-0.009, -0.663, 0.008, 0.749);INVALID;;;INVALID;;;;INVALID;;;;;;;;;
1052341;1000006166969487310;63789510873736;(-3.297, 0.937, 3.419);(-0.009, -0.663, 0.008, 0.749);INVALID;;;INVALID;;;;INVALID;;;;;;;;;
1052359;1000006167059519338;63789510873825;(-3.298, 0.937, 3.418);(-0.009, -0.663, 0.008, 0.749);INVALID;;;INVALID;;;;INVALID;;;;;;;;;
1052381;1000006167169565227;63789510873936;(-3.297, 0.937, 3.420);(-0.009, -0.663, 0.008, 0.749);INVALID;;;INVALID;;;;INVALID;;;;;;;;;
1052400;1000006167264601912;63789510874036;(-3.298, 0.937, 3.420);(-0.009, -0.663, 0.008, 0.749);INVALID;;;INVALID;;;;INVALID;;;;;;;;;
1052422;1000006167374642828;63789510874148;(-3.298, 0.937, 3.421);(-0.009, -0.663, 0.008, 0.749);INVALID;;;INVALID;;;;INVALID;;;;;;;;;
1052440;1000006167464672967;63789510874236;(-3.297, 0.937, 3.421);(-0.009, -0.663, 0.008, 0.749);INVALID;;;INVALID;;;;INVALID;;;;;;;;;
1052459;1000006167559713377;63789510874326;(-3.297, 0.936, 3.422);(-0.009, -0.663, 0.008, 0.749);INVALID;;;INVALID;;;;INVALID;;;;;;;;;
1052481;1000006167669754090;63789510874436;(-3.297, 0.936, 3.424);(-0.009, -0.663, 0.008, 0.749);INVALID;;;INVALID;;;;INVALID;;;;;;;;;
1052500;1000006167764786615;63789510874536;(-3.297, 0.936, 3.425);(-0.009, -0.663, 0.008, 0.749);INVALID;;;INVALID;;;;INVALID;;;;;;;;;
1052522;1000006167874830724;63789510874648;(-3.297, 0.935, 3.425);(-0.009, -0.663, 0.008, 0.749);INVALID;;;INVALID;;;;INVALID;;;;;;;;;
1052540;1000006167964864485;63789510874736;(-3.297, 0.935, 3.425);(-0.009, -0.663, 0.008, 0.749);INVALID;;;INVALID;;;;INVALID;;;;;;;;;
1052559;1000006168059897921;63789510874826;(-3.297, 0.935, 3.425);(-0.009, -0.663, 0.008, 0.749);INVALID;;;INVALID;;;;INVALID;;;;;;;;;
1052581;1000006168169944578;63789510874936;(-3.297, 0.936, 3.424);(-0.009, -0.663, 0.008, 0.749);INVALID;;;INVALID;;;;INVALID;;;;;;;;;
1052600;1000006168264980941;63789510875036;(-3.297, 0.936, 3.424);(-0.009, -0.663, 0.008, 0.749);INVALID;;;INVALID;;;;INVALID;;;;;;;;;
1052622;1000006168375019771;63789510875147;(-3.297, 0.935, 3.425);(-0.009, -0.663, 0.008, 0.749);INVALID;;;INVALID;;;;INVALID;;;;;;;;;
1052640;1000006168465050079;63789510875237;(-3.297, 0.936, 3.425);(-0.009, -0.663, 0.008, 0.749);INVALID;;;INVALID;;;;INVALID;;;;;;;;;
1052659;1000006168560088387;63789510875327;(-3.297, 0.936, 3.425);(-0.009, -0.663, 0.008, 0.749);INVALID;;;INVALID;;;;INVALID;;;;;;;;;
1052681;1000006168670129891;63789510875436;(-3.297, 0.936, 3.424);(-0.009, -0.663, 0.008, 0.749);INVALID;;;INVALID;;;;INVALID;;;;;;;;;
1052700;1000006168765162635;63789510875535;(-3.298, 0.936, 3.424);(-0.009, -0.663, 0.008, 0.749);INVALID;;;INVALID;;;;INVALID;;;;;;;;;
1052722;1000006168875206605;63789510875648;(-3.297, 0.935, 3.425);(-0.009, -0.663, 0.008, 0.749);INVALID;;;INVALID;;;;INVALID;;;;;;;;;
1052740;1000006168965240356;63789510875735;(-3.297, 0.936, 3.424);(-0.009, -0.663, 0.008, 0.749);INVALID;;;INVALID;;;;INVALID;;;;;;;;;
1052759;1000006169060273878;63789510875836;(-3.297, 0.936, 3.424);(-0.009, -0.663, 0.008, 0.749);INVALID;;;INVALID;;;;INVALID;;;;;;;;;
1052781;1000006169170318851;63789510875936;(-3.297, 0.936, 3.424);(-0.009, -0.663, 0.008, 0.749);INVALID;;;INVALID;;;;INVALID;;;;;;;;;
1052800;1000006169265355095;63789510876036;(-3.297, 0.936, 3.423);(-0.009, -0.663, 0.008, 0.749);INVALID;;;INVALID;;;;INVALID;;;;;;;;;
1052822;1000006169375394348;63789510876148;(-3.297, 0.936, 3.422);(-0.009, -0.663, 0.008, 0.748);INVALID;;;INVALID;;;;INVALID;;;;;;;;;
1052840;1000006169465431954;63789510876236;(-3.297, 0.936, 3.423);(-0.009, -0.663, 0.008, 0.748);INVALID;;;INVALID;;;;INVALID;;;;;;;;;
1052859;1000006169560469177;63789510876327;(-3.298, 0.936, 3.423);(-0.009, -0.663, 0.008, 0.748);INVALID;;;INVALID;;;;INVALID;;;;;;;;;
1052881;1000006169670508908;63789510876437;(-3.298, 0.936, 3.423);(-0.009, -0.663, 0.008, 0.749);INVALID;;;INVALID;;;;INVALID;;;;;;;;;
1052900;1000006169765541142;63789510876548;(-3.297, 0.936, 3.423);(-0.009, -0.663, 0.008, 0.749);INVALID;;;INVALID;;;;INVALID;;;;;;;;;
1052921;1000006169870583520;63789510876637;(-3.298, 0.936, 3.424);(-0.009, -0.663, 0.008, 0.749);INVALID;;;INVALID;;;;INVALID;;;;;;;;;
1052940;1000006169965619126;63789510876756;(-3.297, 0.936, 3.424);(-0.009, -0.663, 0.008, 0.748);INVALID;;;INVALID;;;;INVALID;;;;;;;;;
1052959;1000006170060651997;63789510876837;(-3.298, 0.936, 3.424);(-0.009, -0.663, 0.008, 0.749);INVALID;;;INVALID;;;;INVALID;;;;;;;;;
1052981;1000006170170696551;63789510876952;(-3.297, 0.936, 3.423);(-0.009, -0.663, 0.008, 0.748);INVALID;;;INVALID;;;;INVALID;;;;;;;;;
1053000;1000006170265732851;63789510877036;(-3.297, 0.936, 3.423);(-0.009, -0.663, 0.008, 0.748);INVALID;;;INVALID;;;;INVALID;;;;;;;;;
1053021;1000006170370770100;63789510877147;(-3.297, 0.936, 3.423);(-0.009, -0.663, 0.008, 0.748);INVALID;;;INVALID;;;;INVALID;;;;;;;;;
1053040;1000006170465809556;63789510877236;(-3.297, 0.936, 3.423);(-0.009, -0.663, 0.008, 0.749);INVALID;;;INVALID;;;;INVALID;;;;;;;;;
1053059;1000006170560846434;63789510877337;(-3.297, 0.936, 3.423);(-0.009, -0.663, 0.008, 0.748);INVALID;;;INVALID;;;;INVALID;;;;;;;;;
1053081;1000006170670886132;63789510877448;(-3.298, 0.936, 3.422);(-0.009, -0.663, 0.008, 0.748);INVALID;;;INVALID;;;;INVALID;;;;;;;;;
1053100;1000006170765918168;63789510877537;(-3.297, 0.936, 3.423);(-0.009, -0.663, 0.008, 0.748);INVALID;;;INVALID;;;;INVALID;;;;;;;;;
1053121;1000006170870959893;63789510877637;(-3.297, 0.936, 3.424);(-0.009, -0.663, 0.008, 0.749);INVALID;;;INVALID;;;;INVALID;;;;;;;;;
1053140;1000006170965995009;63789510877737;(-3.298, 0.936, 3.425);(-0.009, -0.663, 0.008, 0.749);INVALID;;;INVALID;;;;INVALID;;;;;;;;;
1053159;1000006171061028378;63789510877836;(-3.298, 0.936, 3.422);(-0.009, -0.663, 0.008, 0.748);INVALID;;;INVALID;;;;INVALID;;;;;;;;;
1053181;1000006171171073165;63789510877936;(-3.297, 0.937, 3.422);(-0.009, -0.663, 0.008, 0.748);INVALID;;;INVALID;;;;INVALID;;;;;;;;;
1053200;1000006171266109105;63789510878036;(-3.298, 0.937, 3.422);(-0.009, -0.663, 0.008, 0.748);INVALID;;;INVALID;;;;INVALID;;;;;;;;;
1053221;1000006171371146405;63789510878148;(-3.298, 0.937, 3.422);(-0.009, -0.663, 0.008, 0.749);INVALID;;;INVALID;;;;INVALID;;;;;;;;;
1053240;1000006171466186006;63789510878237;(-3.298, 0.937, 3.421);(-0.009, -0.663, 0.009, 0.748);INVALID;;;INVALID;;;;INVALID;;;;;;;;;
1053259;1000006171561227519;63789510878337;(-3.298, 0.937, 3.420);(-0.009, -0.663, 0.008, 0.748);INVALID;;;INVALID;;;;INVALID;;;;;;;;;
1053281;1000006171671266625;63789510878437;(-3.298, 0.938, 3.418);(-0.009, -0.663, 0.009, 0.748);INVALID;;;INVALID;;;;INVALID;;;;;;;;;
1053299;1000006171761304300;63789510878537;(-3.298, 0.938, 3.418);(-0.009, -0.663, 0.009, 0.748);INVALID;;;INVALID;;;;INVALID;;;;;;;;;
1053321;1000006171871346783;63789510878638;(-3.298, 0.938, 3.418);(-0.009, -0.663, 0.008, 0.748);INVALID;;;INVALID;;;;INVALID;;;;;;;;;
1053340;1000006171966380995;63789510878736;(-3.298, 0.938, 3.418);(-0.009, -0.663, 0.008, 0.748);INVALID;;;INVALID;;;;INVALID;;;;;;;;;
1053359;1000006172061413224;63789510878836;(-3.297, 0.937, 3.421);(-0.009, -0.663, 0.008, 0.748);INVALID;;;INVALID;;;;INVALID;;;;;;;;;
1053381;1000006172171457118;63789510878947;(-3.298, 0.937, 3.421);(-0.009, -0.663, 0.008, 0.748);INVALID;;;INVALID;;;;INVALID;;;;;;;;;
1053399;1000006172261490793;63789510879037;(-3.297, 0.937, 3.421);(-0.009, -0.663, 0.008, 0.748);INVALID;;;INVALID;;;;INVALID;;;;;;;;;
1053421;1000006172371529847;63789510879147;(-3.297, 0.937, 3.422);(-0.009, -0.663, 0.009, 0.748);INVALID;;;INVALID;;;;INVALID;;;;;;;;;
1053440;1000006172466568443;63789510879236;(-3.298, 0.936, 3.422);(-0.009, -0.663, 0.009, 0.748);INVALID;;;INVALID;;;;INVALID;;;;;;;;;
1053459;1000006172561604968;63789510879336;(-3.297, 0.936, 3.423);(-0.009, -0.663, 0.009, 0.748);INVALID;;;INVALID;;;;INVALID;;;;;;;;;
1053481;1000006172671643862;63789510879448;(-3.297, 0.936, 3.424);(-0.009, -0.663, 0.008, 0.748);INVALID;;;INVALID;;;;INVALID;;;;;;;;;
1053499;1000006172761681198;63789510879536;(-3.298, 0.936, 3.424);(-0.009, -0.663, 0.008, 0.748);INVALID;;;INVALID;;;;INVALID;;;;;;;;;
1053521;1000006172871723613;63789510879648;(-3.297, 0.937, 3.422);(-0.009, -0.663, 0.009, 0.748);INVALID;;;INVALID;;;;INVALID;;;;;;;;;
1053540;1000006172966758107;63789510879736;(-3.297, 0.937, 3.422);(-0.009, -0.663, 0.008, 0.748);INVALID;;;INVALID;;;;INVALID;;;;;;;;;
1053559;1000006173061792895;63789510879837;(-3.298, 0.937, 3.421);(-0.009, -0.663, 0.009, 0.748);INVALID;;;INVALID;;;;INVALID;;;;;;;;;
1053581;1000006173171836187;63789510879947;(-3.298, 0.937, 3.421);(-0.009, -0.663, 0.009, 0.748);INVALID;;;INVALID;;;;INVALID;;;;;;;;;
1053599;1000006173261869937;63789510880037;(-3.297, 0.936, 3.423);(-0.009, -0.663, 0.009, 0.748);INVALID;;;INVALID;;;;INVALID;;;;;;;;;
1053621;1000006173371908350;63789510880148;(-3.297, 0.936, 3.424);(-0.009, -0.663, 0.009, 0.748);INVALID;;;INVALID;;;;INVALID;;;;;;;;;
1053640;1000006173466946797;63789510880236;(-3.298, 0.936, 3.424);(-0.009, -0.663, 0.009, 0.748);INVALID;;;INVALID;;;;INVALID;;;;;;;;;
1053659;1000006173561982806;63789510880337;(-3.298, 0.936, 3.424);(-0.009, -0.663, 0.009, 0.748);INVALID;;;INVALID;;;;INVALID;;;;;;;;;
1053681;1000006173672021440;63789510880448;(-3.297, 0.936, 3.424);(-0.009, -0.663, 0.009, 0.748);INVALID;;;INVALID;;;;INVALID;;;;;;;;;
1053699;1000006173762058939;63789510880536;(-3.298, 0.936, 3.423);(-0.009, -0.663, 0.009, 0.748);INVALID;;;INVALID;;;;INVALID;;;;;;;;;
1053721;1000006173872100952;63789510880648;(-3.297, 0.937, 3.422);(-0.009, -0.663, 0.009, 0.748);INVALID;;;INVALID;;;;INVALID;;;;;;;;;
1053740;1000006173967135197;63789510880737;(-3.298, 0.937, 3.421);(-0.009, -0.663, 0.009, 0.748);INVALID;;;INVALID;;;;INVALID;;;;;;;;;
1053759;1000006174062175965;63789510880836;(-3.297, 0.936, 3.423);(-0.009, -0.663, 0.009, 0.748);INVALID;;;INVALID;;;;INVALID;;;;;;;;;
1053781;1000006174172218428;63789510880947;(-3.298, 0.937, 3.421);(-0.009, -0.663, 0.009, 0.748);INVALID;;;INVALID;;;;INVALID;;;;;;;;;
1053799;1000006174262251111;63789510881036;(-3.298, 0.937, 3.420);(-0.009, -0.663, 0.009, 0.748);INVALID;;;INVALID;;;;INVALID;;;;;;;;;
1053821;1000006174372287941;63789510881148;(-3.298, 0.937, 3.419);(-0.009, -0.663, 0.009, 0.748);INVALID;;;INVALID;;;;INVALID;;;;;;;;;
1053840;1000006174467325707;63789510881237;(-3.298, 0.937, 3.420);(-0.009, -0.663, 0.008, 0.748);INVALID;;;INVALID;;;;INVALID;;;;;;;;;
1053859;1000006174562362302;63789510881337;(-3.298, 0.937, 3.422);(-0.009, -0.663, 0.008, 0.748);INVALID;;;INVALID;;;;INVALID;;;;;;;;;
1053880;1000006174667399047;63789510881437;(-3.297, 0.937, 3.422);(-0.009, -0.663, 0.008, 0.748);INVALID;;;INVALID;;;;INVALID;;;;;;;;;
1053899;1000006174762443569;63789510881536;(-3.298, 0.936, 3.422);(-0.009, -0.663, 0.008, 0.748);INVALID;;;INVALID;;;;INVALID;;;;;;;;;
1053921;1000006174872484605;63789510881647;(-3.298, 0.937, 3.422);(-0.009, -0.663, 0.008, 0.748);INVALID;;;INVALID;;;;INVALID;;;;;;;;;
1053940;1000006174967518710;63789510881738;(-3.298, 0.937, 3.420);(-0.009, -0.663, 0.008, 0.748);INVALID;;;INVALID;;;;INVALID;;;;;;;;;
1053959;1000006175062558085;63789510881837;(-3.298, 0.937, 3.421);(-0.009, -0.663, 0.008, 0.748);INVALID;;;INVALID;;;;INVALID;;;;;;;;;
1053980;1000006175167598241;63789510881938;(-3.298, 0.937, 3.420);(-0.009, -0.663, 0.008, 0.748);INVALID;;;INVALID;;;;INVALID;;;;;;;;;
1053999;1000006175262632328;63789510882036;(-3.297, 0.937, 3.421);(-0.009, -0.663, 0.008, 0.748);INVALID;;;INVALID;;;;INVALID;;;;;;;;;
1054021;1000006175372668958;63789510882149;(-3.298, 0.937, 3.420);(-0.009, -0.663, 0.008, 0.748);INVALID;;;INVALID;;;;INVALID;;;;;;;;;
1054040;1000006175467706352;63789510882236;(-3.297, 0.937, 3.420);(-0.009, -0.664, 0.008, 0.748);INVALID;;;INVALID;;;;INVALID;;;;;;;;;
1054059;1000006175562741280;63789510882336;(-3.298, 0.937, 3.421);(-0.009, -0.663, 0.008, 0.748);INVALID;;;INVALID;;;;INVALID;;;;;;;;;
1054080;1000006175667777132;63789510882437;(-3.298, 0.936, 3.423);(-0.009, -0.664, 0.008, 0.748);INVALID;;;INVALID;;;;INVALID;;;;;;;;;
1054099;1000006175762815577;63789510882536;(-3.298, 0.936, 3.423);(-0.009, -0.663, 0.008, 0.748);INVALID;;;INVALID;;;;INVALID;;;;;;;;;
1054121;1000006175872856567;63789510882648;(-3.298, 0.936, 3.423);(-0.009, -0.664, 0.008, 0.748);INVALID;;;INVALID;;;;INVALID;;;;;;;;;
1054140;1000006175967889858;63789510882737;(-3.298, 0.936, 3.425);(-0.009, -0.664, 0.008, 0.748);INVALID;;;INVALID;;;;INVALID;;;;;;;;;
1054159;1000006176062929025;63789510882836;(-3.298, 0.935, 3.425);(-0.009, -0.664, 0.008, 0.748);INVALID;;;INVALID;;;;INVALID;;;;;;;;;
1054180;1000006176167969164;63789510882937;(-3.298, 0.936, 3.425);(-0.009, -0.664, 0.008, 0.748);INVALID;;;INVALID;;;;INVALID;;;;;;;;;
1054199;1000006176263003128;63789510883036;(-3.297, 0.936, 3.424);(-0.009, -0.664, 0.008, 0.748);INVALID;;;INVALID;;;;INVALID;;;;;;;;;
1054221;1000006176373048854;63789510883148;(-3.297, 0.936, 3.424);(-0.009, -0.664, 0.008, 0.748);INVALID;;;INVALID;;;;INVALID;;;;;;;;;
1054240;1000006176468085783;63789510883237;(-3.298, 0.937, 3.422);(-0.009, -0.664, 0.008, 0.748);INVALID;;;INVALID;;;;INVALID;;;;;;;;;
1054259;1000006176563120620;63789510883337;(-3.297, 0.936, 3.423);(-0.009, -0.664, 0.008, 0.748);INVALID;;;INVALID;;;;INVALID;;;;;;;;;
1054280;1000006176668156239;63789510883437;(-3.297, 0.937, 3.422);(-0.009, -0.664, 0.008, 0.748);INVALID;;;INVALID;;;;INVALID;;;;;;;;;
1054299;1000006176763194295;63789510883537;(-3.298, 0.937, 3.422);(-0.009, -0.664, 0.008, 0.748);INVALID;;;INVALID;;;;INVALID;;;;;;;;;
1054321;1000006176873234956;63789510883648;(-3.298, 0.937, 3.421);(-0.009, -0.664, 0.008, 0.748);INVALID;;;INVALID;;;;INVALID;;;;;;;;;
1054340;1000006176968267694;63789510883737;(-3.298, 0.937, 3.421);(-0.009, -0.664, 0.009, 0.748);INVALID;;;INVALID;;;;INVALID;;;;;;;;;
1054358;1000006177058305494;63789510883825;(-3.297, 0.937, 3.420);(-0.009, -0.664, 0.009, 0.748);INVALID;;;INVALID;;;;INVALID;;;;;;;;;
1054380;1000006177168347003;63789510883937;(-3.298, 0.937, 3.420);(-0.009, -0.664, 0.009, 0.748);INVALID;;;INVALID;;;;INVALID;;;;;;;;;
1054399;1000006177263380643;63789510884037;(-3.298, 0.937, 3.420);(-0.009, -0.664, 0.009, 0.748);INVALID;;;INVALID;;;;INVALID;;;;;;;;;
1054421;1000006177373425846;63789510884148;(-3.298, 0.937, 3.420);(-0.009, -0.664, 0.009, 0.748);INVALID;;;INVALID;;;;INVALID;;;;;;;;;
1054440;1000006177468462499;63789510884237;(-3.298, 0.937, 3.420);(-0.009, -0.664, 0.009, 0.748);INVALID;;;INVALID;;;;INVALID;;;;;;;;;
1054458;1000006177558495135;63789510884325;(-3.298, 0.937, 3.420);(-0.009, -0.664, 0.008, 0.748);INVALID;;;INVALID;;;;INVALID;;;;;;;;;
1054480;1000006177668531956;63789510884436;(-3.298, 0.937, 3.420);(-0.009, -0.664, 0.008, 0.748);INVALID;;;INVALID;;;;INVALID;;;;;;;;;
1054499;1000006177763569848;63789510884536;(-3.298, 0.937, 3.420);(-0.009, -0.664, 0.008, 0.748);INVALID;;;INVALID;;;;INVALID;;;;;;;;;
1054521;1000006177873610700;63789510884647;(-3.298, 0.937, 3.421);(-0.009, -0.664, 0.008, 0.748);INVALID;;;INVALID;;;;INVALID;;;;;;;;;
1054540;1000006177968643631;63789510884737;(-3.298, 0.937, 3.421);(-0.009, -0.664, 0.008, 0.748);INVALID;;;INVALID;;;;INVALID;;;;;;;;;
1054558;1000006178058680423;63789510884825;(-3.298, 0.937, 3.420);(-0.009, -0.664, 0.008, 0.748);INVALID;;;INVALID;;;;INVALID;;;;;;;;;
1054580;1000006178168722053;63789510884937;(-3.298, 0.937, 3.421);(-0.009, -0.664, 0.008, 0.748);INVALID;;;INVALID;;;;INVALID;;;;;;;;;
1054599;1000006178263756008;63789510885037;(-3.298, 0.937, 3.421);(-0.009, -0.664, 0.008, 0.748);INVALID;;;INVALID;;;;INVALID;;;;;;;;;
1054621;1000006178373801365;63789510885148;(-3.298, 0.938, 3.419);(-0.009, -0.664, 0.008, 0.748);INVALID;;;INVALID;;;;INVALID;;;;;;;;;
1054640;1000006178468838155;63789510885237;(-3.298, 0.938, 3.418);(-0.009, -0.664, 0.008, 0.748);INVALID;;;INVALID;;;;INVALID;;;;;;;;;
1054658;1000006178558870623;63789510885325;(-3.298, 0.938, 3.419);(-0.009, -0.664, 0.008, 0.748);INVALID;;;INVALID;;;;INVALID;;;;;;;;;
1054680;1000006178668916503;63789510885436;(-3.298, 0.937, 3.420);(-0.009, -0.664, 0.008, 0.748);INVALID;;;INVALID;;;;INVALID;;;;;;;;;
1054699;1000006178763953793;63789510885537;(-3.298, 0.937, 3.421);(-0.009, -0.664, 0.008, 0.748);INVALID;;;INVALID;;;;INVALID;;;;;;;;;
1054721;1000006178873993933;63789510885648;(-3.298, 0.937, 3.420);(-0.009, -0.664, 0.008, 0.748);INVALID;;;INVALID;;;;INVALID;;;;;;;;;
1054740;1000006178969026396;63789510885736;(-3.298, 0.937, 3.421);(-0.009, -0.664, 0.008, 0.748);INVALID;;;INVALID;;;;INVALID;;;;;;;;;
1054758;1000006179059063310;63789510885825;(-3.298, 0.937, 3.421);(-0.009, -0.664, 0.008, 0.748);INVALID;;;INVALID;;;;INVALID;;;;;;;;;
1054780;1000006179169106092;63789510885936;(-3.298, 0.937, 3.420);(-0.009, -0.664, 0.008, 0.748);INVALID;;;INVALID;;;;INVALID;;;;;;;;;
1054799;1000006179264139366;63789510886037;(-3.297, 0.937, 3.419);(-0.009, -0.664, 0.008, 0.748);INVALID;;;INVALID;;;;INVALID;;;;;;;;;
1054821;1000006179374184132;63789510886147;(-3.298, 0.937, 3.420);(-0.009, -0.664, 0.008, 0.748);INVALID;;;INVALID;;;;INVALID;;;;;;;;;
1054839;1000006179464218295;63789510886237;(-3.298, 0.937, 3.420);(-0.009, -0.664, 0.008, 0.748);INVALID;;;INVALID;;;;INVALID;;;;;;;;;
1054858;1000006179559252001;63789510886325;(-3.298, 0.938, 3.419);(-0.009, -0.664, 0.008, 0.748);INVALID;;;INVALID;;;;INVALID;;;;;;;;;
1054880;1000006179669297472;63789510886436;(-3.298, 0.938, 3.419);(-0.009, -0.664, 0.008, 0.748);INVALID;;;INVALID;;;;INVALID;;;;;;;;;
1054899;1000006179764334584;63789510886537;(-3.298, 0.937, 3.420);(-0.009, -0.664, 0.008, 0.748);INVALID;;;INVALID;;;;INVALID;;;;;;;;;
1054921;1000006179874373939;63789510886661;(-3.298, 0.937, 3.420);(-0.009, -0.664, 0.008, 0.748);INVALID;;;INVALID;;;;INVALID;;;;;;;;;
1054939;1000006179964405032;63789510886745;(-3.298, 0.936, 3.422);(-0.009, -0.664, 0.008, 0.748);INVALID;;;INVALID;;;;INVALID;;;;;;;;;
1054958;1000006180059443382;63789510886835;(-3.298, 0.937, 3.421);(-0.009, -0.664, 0.008, 0.748);INVALID;;;INVALID;;;;INVALID;;;;;;;;;
1054980;1000006180169484550;63789510886935;(-3.299, 0.938, 3.419);(-0.009, -0.664, 0.008, 0.748);INVALID;;;INVALID;;;;INVALID;;;;;;;;;
1054999;1000006180264517296;63789510887035;(-3.297, 0.937, 3.421);(-0.009, -0.664, 0.008, 0.748);INVALID;;;INVALID;;;;INVALID;;;;;;;;;
1055021;1000006180374561613;63789510887147;(-3.298, 0.937, 3.421);(-0.009, -0.664, 0.008, 0.748);INVALID;;;INVALID;;;;INVALID;;;;;;;;;
1055039;1000006180464598105;63789510887236;(-3.298, 0.937, 3.421);(-0.009, -0.664, 0.008, 0.748);INVALID;;;INVALID;;;;INVALID;;;;;;;;;
1055058;1000006180559631652;63789510887381;(-3.298, 0.937, 3.422);(-0.009, -0.664, 0.008, 0.748);INVALID;;;INVALID;;;;INVALID;;;;;;;;;
1055080;1000006180669676828;63789510887490;(-3.298, 0.937, 3.422);(-0.009, -0.664, 0.008, 0.748);INVALID;;;INVALID;;;;INVALID;;;;;;;;;
1055099;1000006180764713822;63789510887550;(-3.297, 0.937, 3.421);(-0.009, -0.664, 0.008, 0.748);INVALID;;;INVALID;;;;INVALID;;;;;;;;;
1055121;1000006180874752874;63789510887648;(-3.298, 0.937, 3.421);(-0.009, -0.664, 0.008, 0.748);INVALID;;;INVALID;;;;INVALID;;;;;;;;;
1055139;1000006180964782900;63789510887757;(-3.298, 0.937, 3.422);(-0.009, -0.664, 0.008, 0.748);INVALID;;;INVALID;;;;INVALID;;;;;;;;;
1055158;1000006181059820871;63789510887868;(-3.298, 0.936, 3.423);(-0.009, -0.664, 0.008, 0.748);INVALID;;;INVALID;;;;INVALID;;;;;;;;;
1055180;1000006181169861294;63789510887977;(-3.298, 0.937, 3.422);(-0.009, -0.664, 0.009, 0.748);INVALID;;;INVALID;;;;INVALID;;;;;;;;;
1055199;1000006181264894120;63789510888045;(-3.298, 0.936, 3.423);(-0.009, -0.664, 0.009, 0.748);INVALID;;;INVALID;;;;INVALID;;;;;;;;;
1055221;1000006181374938398;63789510888200;(-3.297, 0.936, 3.422);(-0.009, -0.664, 0.008, 0.748);INVALID;;;INVALID;;;;INVALID;;;;;;;;;
1055239;1000006181464972392;63789510888267;(-3.297, 0.936, 3.422);(-0.009, -0.664, 0.008, 0.748);INVALID;;;INVALID;;;;INVALID;;;;;;;;;
1055258;1000006181560006205;63789510888356;(-3.298, 0.937, 3.422);(-0.009, -0.664, 0.008, 0.748);INVALID;;;INVALID;;;;INVALID;;;;;;;;;
1055280;1000006181670051365;63789510888491;(-3.298, 0.937, 3.421);(-0.009, -0.664, 0.008, 0.748);INVALID;;;INVALID;;;;INVALID;;;;;;;;;
1055299;1000006181765087799;63789510888535;(-3.298, 0.937, 3.421);(-0.009, -0.663, 0.008, 0.748);INVALID;;;INVALID;;;;INVALID;;;;;;;;;
1055321;1000006181875126742;63789510888655;(-3.298, 0.937, 3.421);(-0.009, -0.664, 0.008, 0.748);INVALID;;;INVALID;;;;INVALID;;;;;;;;;
1055339;1000006181965164285;63789510888760;(-3.297, 0.937, 3.420);(-0.009, -0.664, 0.008, 0.748);INVALID;;;INVALID;;;;INVALID;;;;;;;;;
1055358;1000006182060201267;63789510888830;(-3.298, 0.937, 3.420);(-0.009, -0.664, 0.008, 0.748);INVALID;;;INVALID;;;;INVALID;;;;;;;;;
1055380;1000006182170241106;63789510888937;(-3.298, 0.937, 3.419);(-0.009, -0.664, 0.008, 0.748);INVALID;;;INVALID;;;;INVALID;;;;;;;;;
1055399;1000006182265273269;63789510889036;(-3.298, 0.937, 3.420);(-0.009, -0.663, 0.008, 0.748);INVALID;;;INVALID;;;;INVALID;;;;;;;;;
1055421;1000006182375316703;63789510889148;(-3.298, 0.937, 3.420);(-0.009, -0.664, 0.008, 0.748);INVALID;;;INVALID;;;;INVALID;;;;;;;;;
1055439;1000006182465350297;63789510889236;(-3.298, 0.936, 3.422);(-0.009, -0.664, 0.008, 0.748);INVALID;;;INVALID;;;;INVALID;;;;;;;;;
1055458;1000006182560383529;63789510889326;(-3.298, 0.936, 3.423);(-0.009, -0.664, 0.008, 0.748);INVALID;;;INVALID;;;;INVALID;;;;;;;;;
1055480;1000006182670428242;63789510889436;(-3.298, 0.936, 3.422);(-0.009, -0.664, 0.008, 0.748);INVALID;;;INVALID;;;;INVALID;;;;;;;;;
1055499;1000006182765464372;63789510889536;(-3.298, 0.936, 3.422);(-0.009, -0.664, 0.008, 0.748);INVALID;;;INVALID;;;;INVALID;;;;;;;;;
1055521;1000006182875503216;63789510889648;(-3.297, 0.937, 3.422);(-0.009, -0.664, 0.008, 0.748);INVALID;;;INVALID;;;;INVALID;;;;;;;;;
1055539;1000006182965541203;63789510889737;(-3.297, 0.936, 3.423);(-0.009, -0.663, 0.008, 0.748);INVALID;;;INVALID;;;;INVALID;;;;;;;;;
1055558;1000006183060578535;63789510889836;(-3.298, 0.937, 3.422);(-0.009, -0.663, 0.008, 0.748);INVALID;;;INVALID;;;;INVALID;;;;;;;;;
1055580;1000006183170618199;63789510889947;(-3.298, 0.937, 3.422);(-0.009, -0.663, 0.008, 0.748);INVALID;;;INVALID;;;;INVALID;;;;;;;;;
1055599;1000006183265650322;63789510890036;(-3.297, 0.936, 3.423);(-0.009, -0.663, 0.008, 0.748);INVALID;;;INVALID;;;;INVALID;;;;;;;;;
1055620;1000006183370692453;63789510890137;(-3.297, 0.936, 3.423);(-0.009, -0.663, 0.008, 0.748);INVALID;;;INVALID;;;;INVALID;;;;;;;;;
1055639;1000006183465727671;63789510890237;(-3.297, 0.936, 3.423);(-0.009, -0.663, 0.008, 0.748);INVALID;;;INVALID;;;;INVALID;;;;;;;;;
1055658;1000006183560760708;63789510890336;(-3.297, 0.937, 3.422);(-0.009, -0.663, 0.009, 0.748);INVALID;;;INVALID;;;;INVALID;;;;;;;;;
1055680;1000006183670805440;63789510890437;(-3.298, 0.936, 3.422);(-0.009, -0.663, 0.008, 0.748);INVALID;;;INVALID;;;;INVALID;;;;;;;;;
1055699;1000006183765841565;63789510890537;(-3.298, 0.936, 3.423);(-0.009, -0.663, 0.008, 0.748);INVALID;;;INVALID;;;;INVALID;;;;;;;;;
1055720;1000006183870878887;63789510890636;(-3.298, 0.936, 3.423);(-0.009, -0.663, 0.008, 0.748);INVALID;;;INVALID;;;;INVALID;;;;;;;;;
1055739;1000006183965918628;63789510890738;(-3.298, 0.937, 3.422);(-0.009, -0.663, 0.008, 0.748);INVALID;;;INVALID;;;;INVALID;;;;;;;;;
1055758;1000006184060955377;63789510890836;(-3.298, 0.936, 3.422);(-0.009, -0.663, 0.008, 0.748);INVALID;;;INVALID;;;;INVALID;;;;;;;;;
1055780;1000006184170995003;63789510890938;(-3.298, 0.937, 3.421);(-0.009, -0.663, 0.008, 0.748);INVALID;;;INVALID;;;;INVALID;;;;;;;;;
1055799;1000006184266034851;63789510891037;(-3.297, 0.937, 3.421);(-0.009, -0.663, 0.008, 0.748);INVALID;;;INVALID;;;;INVALID;;;;;;;;;
1055820;1000006184371075971;63789510891138;(-3.298, 0.937, 3.421);(-0.009, -0.663, 0.008, 0.748);INVALID;;;INVALID;;;;INVALID;;;;;;;;;
1055839;1000006184466111931;63789510891236;(-3.297, 0.936, 3.422);(-0.009, -0.663, 0.008, 0.748);INVALID;;;INVALID;;;;INVALID;;;;;;;;;
1055858;1000006184561144574;63789510891334;(-3.297, 0.937, 3.422);(-0.009, -0.663, 0.008, 0.748);INVALID;;;INVALID;;;;INVALID;;;;;;;;;
1055880;1000006184671188963;63789510891447;(-3.298, 0.937, 3.422);(-0.009, -0.663, 0.009, 0.748);INVALID;;;INVALID;;;;INVALID;;;;;;;;;
1055898;1000006184761223400;63789510891536;(-3.297, 0.937, 3.422);(-0.009, -0.663, 0.009, 0.748);INVALID;;;INVALID;;;;INVALID;;;;;;;;;
1055920;1000006184871261827;63789510891646;(-3.298, 0.936, 3.423);(-0.009, -0.663, 0.009, 0.748);INVALID;;;INVALID;;;;INVALID;;;;;;;;;
1055939;1000006184966300521;63789510891736;(-3.298, 0.937, 3.422);(-0.009, -0.663, 0.009, 0.748);INVALID;;;INVALID;;;;INVALID;;;;;;;;;
1055958;1000006185061336755;63789510891836;(-3.298, 0.937, 3.422);(-0.009, -0.664, 0.009, 0.748);INVALID;;;INVALID;;;;INVALID;;;;;;;;;
1055980;1000006185171375939;63789510891948;(-3.297, 0.936, 3.423);(-0.009, -0.663, 0.009, 0.748);INVALID;;;INVALID;;;;INVALID;;;;;;;;;
1055998;1000006185261413861;63789510892037;(-3.297, 0.936, 3.423);(-0.009, -0.663, 0.009, 0.748);INVALID;;;INVALID;;;;INVALID;;;;;;;;;
1056020;1000006185371456440;63789510892137;(-3.297, 0.936, 3.424);(-0.009, -0.663, 0.009, 0.748);INVALID;;;INVALID;;;;INVALID;;;;;;;;;
1056039;1000006185466490564;63789510892237;(-3.297, 0.936, 3.424);(-0.009, -0.663, 0.009, 0.748);INVALID;;;INVALID;;;;INVALID;;;;;;;;;
1056058;1000006185561523870;63789510892338;(-3.297, 0.935, 3.425);(-0.009, -0.663, 0.009, 0.748);INVALID;;;INVALID;;;;INVALID;;;;;;;;;
1056080;1000006185671567195;63789510892448;(-3.297, 0.935, 3.425);(-0.009, -0.663, 0.009, 0.748);INVALID;;;INVALID;;;;INVALID;;;;;;;;;
1056098;1000006185761600892;63789510892538;(-3.297, 0.935, 3.426);(-0.009, -0.663, 0.009, 0.748);INVALID;;;INVALID;;;;INVALID;;;;;;;;;
1056120;1000006185871638914;63789510892637;(-3.297, 0.936, 3.424);(-0.009, -0.663, 0.009, 0.748);INVALID;;;INVALID;;;;INVALID;;;;;;;;;
1056139;1000006185966677733;63789510892738;(-3.298, 0.936, 3.423);(-0.009, -0.663, 0.009, 0.748);INVALID;;;INVALID;;;;INVALID;;;;;;;;;
1056158;1000006186061715384;63789510892837;(-3.298, 0.936, 3.422);(-0.009, -0.663, 0.009, 0.748);INVALID;;;INVALID;;;;INVALID;;;;;;;;;
1056180;1000006186171753893;63789510892937;(-3.298, 0.937, 3.421);(-0.009, -0.663, 0.009, 0.748);INVALID;;;INVALID;;;;INVALID;;;;;;;;;
1056198;1000006186261791151;63789510893038;(-3.297, 0.936, 3.422);(-0.009, -0.664, 0.009, 0.748);INVALID;;;INVALID;;;;INVALID;;;;;;;;;
1056220;1000006186371833229;63789510893138;(-3.298, 0.936, 3.423);(-0.009, -0.664, 0.009, 0.748);INVALID;;;INVALID;;;;INVALID;;;;;;;;;
1056239;1000006186466867476;63789510893237;(-3.298, 0.936, 3.424);(-0.009, -0.664, 0.009, 0.748);INVALID;;;INVALID;;;;INVALID;;;;;;;;;
1056258;1000006186561899426;63789510893337;(-3.298, 0.936, 3.425);(-0.009, -0.664, 0.009, 0.748);INVALID;;;INVALID;;;;INVALID;;;;;;;;;
1056280;1000006186671942800;63789510893448;(-3.298, 0.936, 3.424);(-0.009, -0.664, 0.009, 0.748);INVALID;;;INVALID;;;;INVALID;;;;;;;;;
1056298;1000006186761976214;63789510893538;(-3.298, 0.936, 3.425);(-0.009, -0.664, 0.009, 0.748);INVALID;;;INVALID;;;;INVALID;;;;;;;;;
1056320;1000006186872015619;63789510893649;(-3.298, 0.936, 3.424);(-0.009, -0.664, 0.009, 0.748);INVALID;;;INVALID;;;;INVALID;;;;;;;;;
1056339;1000006186967053899;63789510893737;(-3.298, 0.936, 3.425);(-0.009, -0.664, 0.009, 0.748);INVALID;;;INVALID;;;;INVALID;;;;;;;;;
1056358;1000006187062090154;63789510893838;(-3.298, 0.937, 3.422);(-0.009, -0.664, 0.009, 0.748);INVALID;;;INVALID;;;;INVALID;;;;;;;;;
1056380;1000006187172128633;63789510893938;(-3.298, 0.937, 3.422);(-0.009, -0.664, 0.009, 0.748);INVALID;;;INVALID;;;;INVALID;;;;;;;;;
1056398;1000006187262165687;63789510894038;(-3.298, 0.937, 3.420);(-0.010, -0.664, 0.009, 0.748);INVALID;;;INVALID;;;;INVALID;;;;;;;;;
1056420;1000006187372207731;63789510894138;(-3.298, 0.937, 3.420);(-0.010, -0.664, 0.009, 0.748);INVALID;;;INVALID;;;;INVALID;;;;;;;;;
1056439;1000006187467241741;63789510894238;(-3.298, 0.938, 3.418);(-0.009, -0.664, 0.009, 0.748);INVALID;;;INVALID;;;;INVALID;;;;;;;;;
1056458;1000006187562281454;63789510894338;(-3.298, 0.938, 3.419);(-0.009, -0.664, 0.009, 0.748);INVALID;;;INVALID;;;;INVALID;;;;;;;;;
1056480;1000006187672324003;63789510894448;(-3.297, 0.937, 3.420);(-0.009, -0.664, 0.009, 0.748);INVALID;;;INVALID;;;;INVALID;;;;;;;;;
1056498;1000006187762356940;63789510894537;(-3.297, 0.937, 3.420);(-0.009, -0.664, 0.009, 0.748);INVALID;;;INVALID;;;;INVALID;;;;;;;;;
1056520;1000006187872394021;63789510894649;(-3.298, 0.937, 3.421);(-0.009, -0.664, 0.009, 0.748);INVALID;;;INVALID;;;;INVALID;;;;;;;;;
1056539;1000006187967431766;63789510894746;(-3.298, 0.937, 3.421);(-0.009, -0.664, 0.009, 0.748);INVALID;;;INVALID;;;;INVALID;;;;;;;;;
1056558;1000006188062467514;63789510894838;(-3.298, 0.937, 3.421);(-0.009, -0.664, 0.009, 0.748);INVALID;;;INVALID;;;;INVALID;;;;;;;;;
1056580;1000006188172505669;63789510894938;(-3.298, 0.937, 3.419);(-0.009, -0.664, 0.009, 0.748);INVALID;;;INVALID;;;;INVALID;;;;;;;;;
1056598;1000006188262542540;63789510895049;(-3.297, 0.937, 3.420);(-0.009, -0.664, 0.009, 0.748);INVALID;;;INVALID;;;;INVALID;;;;;;;;;
1056620;1000006188372584311;63789510895148;(-3.298, 0.937, 3.422);(-0.009, -0.664, 0.009, 0.748);INVALID;;;INVALID;;;;INVALID;;;;;;;;;
1056639;1000006188467619043;63789510895237;(-3.298, 0.937, 3.422);(-0.009, -0.664, 0.009, 0.748);INVALID;;;INVALID;;;;INVALID;;;;;;;;;
1056658;1000006188562658865;63789510895337;(-3.298, 0.937, 3.422);(-0.009, -0.664, 0.009, 0.748);INVALID;;;INVALID;;;;INVALID;;;;;;;;;
1056679;1000006188667699291;63789510895437;(-3.298, 0.937, 3.421);(-0.009, -0.664, 0.009, 0.748);INVALID;;;INVALID;;;;INVALID;;;;;;;;;
1056698;1000006188762734179;63789510895537;(-3.298, 0.937, 3.422);(-0.009, -0.664, 0.009, 0.748);INVALID;;;INVALID;;;;INVALID;;;;;;;;;
1056720;1000006188872780369;63789510895650;(-3.298, 0.937, 3.422);(-0.009, -0.664, 0.009, 0.748);INVALID;;;INVALID;;;;INVALID;;;;;;;;;
1056739;1000006188967818011;63789510895738;(-3.298, 0.937, 3.421);(-0.009, -0.664, 0.009, 0.748);INVALID;;;INVALID;;;;INVALID;;;;;;;;;
1056758;1000006189062853917;63789510895837;(-3.298, 0.937, 3.420);(-0.009, -0.664, 0.009, 0.748);INVALID;;;INVALID;;;;INVALID;;;;;;;;;
1056779;1000006189167889364;63789510895938;(-3.298, 0.937, 3.420);(-0.009, -0.664, 0.009, 0.748);INVALID;;;INVALID;;;;INVALID;;;;;;;;;
1056798;1000006189262927440;63789510896038;(-3.298, 0.937, 3.420);(-0.010, -0.664, 0.009, 0.748);INVALID;;;INVALID;;;;INVALID;;;;;;;;;
1056820;1000006189372968218;63789510896149;(-3.298, 0.937, 3.420);(-0.009, -0.664, 0.009, 0.748);INVALID;;;INVALID;;;;INVALID;;;;;;;;;
1056839;1000006189468000949;63789510896280;(-3.297, 0.937, 3.420);(-0.010, -0.664, 0.009, 0.748);INVALID;;;INVALID;;;;INVALID;;;;;;;;;
1056858;1000006189563040363;63789510896330;(-3.297, 0.937, 3.420);(-0.009, -0.664, 0.009, 0.748);INVALID;;;INVALID;;;;INVALID;;;;;;;;;
1056879;1000006189668084728;63789510896449;(-3.298, 0.937, 3.420);(-0.009, -0.664, 0.009, 0.748);INVALID;;;INVALID;;;;INVALID;;;;;;;;;
1056898;1000006189763118461;63789510896537;(-3.298, 0.938, 3.419);(-0.009, -0.664, 0.009, 0.748);INVALID;;;INVALID;;;;INVALID;;;;;;;;;
1056920;1000006189873164262;63789510896648;(-3.298, 0.938, 3.419);(-0.009, -0.664, 0.009, 0.748);INVALID;;;INVALID;;;;INVALID;;;;;;;;;
1056939;1000006189968201201;63789510896737;(-3.297, 0.938, 3.419);(-0.009, -0.663, 0.009, 0.748);INVALID;;;INVALID;;;;INVALID;;;;;;;;;
1056958;1000006190063241541;63789510896837;(-3.298, 0.938, 3.419);(-0.009, -0.663, 0.009, 0.748);INVALID;;;INVALID;;;;INVALID;;;;;;;;;
1056979;1000006190168276862;63789510896937;(-3.298, 0.938, 3.419);(-0.009, -0.663, 0.009, 0.748);INVALID;;;INVALID;;;;INVALID;;;;;;;;;
1056998;1000006190263314111;63789510897109;(-3.298, 0.938, 3.419);(-0.009, -0.663, 0.009, 0.748);INVALID;;;INVALID;;;;INVALID;;;;;;;;;
1057020;1000006190373355580;63789510897145;(-3.298, 0.938, 3.419);(-0.009, -0.663, 0.009, 0.748);INVALID;;;INVALID;;;;INVALID;;;;;;;;;
1057039;1000006190468389915;63789510897270;(-3.298, 0.938, 3.418);(-0.009, -0.663, 0.009, 0.748);INVALID;;;INVALID;;;;INVALID;;;;;;;;;
1057057;1000006190558425725;63789510897337;(-3.297, 0.938, 3.419);(-0.009, -0.663, 0.009, 0.748);INVALID;;;INVALID;;;;INVALID;;;;;;;;;
1057079;1000006190668466529;63789510897470;(-3.298, 0.937, 3.420);(-0.009, -0.663, 0.009, 0.748);INVALID;;;INVALID;;;;INVALID;;;;;;;;;
1057098;1000006190763501709;63789510897537;(-3.298, 0.938, 3.419);(-0.009, -0.663, 0.009, 0.748);INVALID;;;INVALID;;;;INVALID;;;;;;;;;
1057120;1000006190873545892;63789510897655;(-3.298, 0.938, 3.418);(-0.009, -0.663, 0.009, 0.748);INVALID;;;INVALID;;;;INVALID;;;;;;;;;
1057139;1000006190968581854;63789510897793;(-3.298, 0.938, 3.418);(-0.009, -0.663, 0.009, 0.748);INVALID;;;INVALID;;;;INVALID;;;;;;;;;
1057157;1000006191058613808;63789510897834;(-3.298, 0.938, 3.418);(-0.009, -0.663, 0.009, 0.748);INVALID;;;INVALID;;;;INVALID;;;;;;;;;
1057179;1000006191168650011;63789510897937;(-3.297, 0.938, 3.419);(-0.009, -0.663, 0.009, 0.748);INVALID;;;INVALID;;;;INVALID;;;;;;;;;
1057198;1000006191263687212;63789510898037;(-3.297, 0.937, 3.420);(-0.009, -0.663, 0.009, 0.748);INVALID;;;INVALID;;;;INVALID;;;;;;;;;
1057220;1000006191373729768;63789510898148;(-3.297, 0.937, 3.422);(-0.009, -0.663, 0.009, 0.748);INVALID;;;INVALID;;;;INVALID;;;;;;;;;
1057239;1000006191468762139;63789510898237;(-3.298, 0.937, 3.421);(-0.009, -0.663, 0.009, 0.748);INVALID;;;INVALID;;;;INVALID;;;;;;;;;
1057257;1000006191558798269;63789510898326;(-3.297, 0.937, 3.422);(-0.009, -0.663, 0.009, 0.748);INVALID;;;INVALID;;;;INVALID;;;;;;;;;
1057279;1000006191668839436;63789510898437;(-3.297, 0.937, 3.422);(-0.009, -0.663, 0.009, 0.749);INVALID;;;INVALID;;;;INVALID;;;;;;;;;
1057298;1000006191763872692;63789510898538;(-3.297, 0.936, 3.424);(-0.009, -0.663, 0.009, 0.749);INVALID;;;INVALID;;;;INVALID;;;;;;;;;
1057320;1000006191873917416;63789510898648;(-3.297, 0.936, 3.424);(-0.009, -0.663, 0.009, 0.749);INVALID;;;INVALID;;;;INVALID;;;;;;;;;
1057339;1000006191968953612;63789510898737;(-3.297, 0.936, 3.424);(-0.009, -0.663, 0.009, 0.749);INVALID;;;INVALID;;;;INVALID;;;;;;;;;
1057357;1000006192058985666;63789510898828;(-3.297, 0.936, 3.424);(-0.009, -0.663, 0.009, 0.749);INVALID;;;INVALID;;;;INVALID;;;;;;;;;
1057379;1000006192169031048;63789510898937;(-3.297, 0.936, 3.422);(-0.009, -0.663, 0.009, 0.749);INVALID;;;INVALID;;;;INVALID;;;;;;;;;
1057398;1000006192264069050;63789510899038;(-3.298, 0.937, 3.422);(-0.009, -0.663, 0.009, 0.749);INVALID;;;INVALID;;;;INVALID;;;;;;;;;
1057420;1000006192374112406;63789510899149;(-3.298, 0.937, 3.421);(-0.009, -0.663, 0.009, 0.749);INVALID;;;INVALID;;;;INVALID;;;;;;;;;
1057439;1000006192469144035;63789510899238;(-3.297, 0.937, 3.420);(-0.009, -0.663, 0.009, 0.749);INVALID;;;INVALID;;;;INVALID;;;;;;;;;
1057457;1000006192559179710;63789510899327;(-3.298, 0.937, 3.420);(-0.009, -0.663, 0.008, 0.749);INVALID;;;INVALID;;;;INVALID;;;;;;;;;
1057479;1000006192669225552;63789510899437;(-3.298, 0.937, 3.420);(-0.009, -0.663, 0.008, 0.749);INVALID;;;INVALID;;;;INVALID;;;;;;;;;
1057498;1000006192764257942;63789510899555;(-3.298, 0.937, 3.420);(-0.009, -0.663, 0.008, 0.749);INVALID;;;INVALID;;;;INVALID;;;;;;;;;
